pais,mes,tipo_asignacion,servicios,expedientes
Argentina,2023-07,MANUAL,233,157
Argentina,2023-07,ANCLAJE,2,1
Argentina,2023-07,SIN_TIPO,66,46
Argentina,2023-08,MANUAL,294,225
Argentina,2023-08,SIN_TIPO,105,83
Argentina,2023-09,MANUAL,222,164
Argentina,2023-09,APP,5,3
Argentina,2023-09,ANCLAJE,1,1
Argentina,2023-09,SIN_TIPO,93,60
Argentina,2023-10,APP,51,18
Argentina,2023-10,MANUAL,158,124
Argentina,2023-10,ANCLAJE,41,37
Argentina,2023-10,SIN_TIPO,72,49
Argentina,2023-11,MANUAL,2847,2612
Argentina,2023-11,ANCLAJE,62,57
Argentina,2023-11,SIN_TIPO,529,491
Argentina,2023-12,MANUAL,2584,2378
Argentina,2023-12,ANCLAJE,55,50
Argentina,2023-12,SIN_TIPO,421,388
Argentina,2024-01,MANUAL,2438,2275
Argentina,2024-01,ANCLAJE,29,29
Argentina,2024-01,SIN_TIPO,416,394
Argentina,2024-02,MANUAL,2027,1910
Argentina,2024-02,ANCLAJE,48,44
Argentina,2024-02,SIN_TIPO,353,345
Argentina,2024-03,MANUAL,1973,1861
Argentina,2024-03,ANCLAJE,107,107
Argentina,2024-03,SIN_TIPO,257,244
Argentina,2024-04,MANUAL,1530,1473
Argentina,2024-04,ANCLAJE BASE,234,227
Argentina,2024-04,ANCLAJE,52,52
Argentina,2024-04,ANCLAJE APP,108,107
Argentina,2024-04,SIN_TIPO,221,217
Argentina,2024-05,ANCLAJE APP,93,93
Argentina,2024-05,MANUAL,674,633
Argentina,2024-05,ANCLAJE BASE,631,615
Argentina,2024-05,SIN_TIPO,127,123
Argentina,2024-06,MANUAL,487,472
Argentina,2024-06,ANCLAJE BASE,537,529
Argentina,2024-06,ANCLAJE APP,61,61
Argentina,2024-06,SIN_TIPO,102,100
Argentina,2024-07,ANCLAJE APP,163,161
Argentina,2024-07,ANCLAJE BASE,626,609
Argentina,2024-07,MANUAL,565,549
Argentina,2024-07,ANCLAJE APP SOA,14,14
Argentina,2024-07,SIN_TIPO,147,144
Argentina,2024-08,ANCLAJE BASE,616,604
Argentina,2024-08,ANCLAJE APP SOA,78,78
Argentina,2024-08,MANUAL,487,474
Argentina,2024-08,SIN_TIPO,133,132
Argentina,2024-09,ANCLAJE BASE,622,613
Argentina,2024-09,APP,6,3
Argentina,2024-09,ANCLAJE APP SOA,366,355
Argentina,2024-09,MANUAL,156,154
Argentina,2024-09,SIN_TIPO,140,138
Argentina,2024-10,ANCLAJE BASE,529,511
Argentina,2024-10,MANUAL,534,516
Argentina,2024-10,ANCLAJE APP SOA,83,83
Argentina,2024-10,SIN_TIPO,147,147
Argentina,2024-11,ANCLAJE BASE,492,482
Argentina,2024-11,MANUAL,495,478
Argentina,2024-11,ANCLAJE APP SOA,141,138
Argentina,2024-11,SIN_TIPO,430,426
Argentina,2024-12,ANCLAJE APP SOA,163,163
Argentina,2024-12,MANUAL,510,489
Argentina,2024-12,ANCLAJE BASE,559,545
Argentina,2024-12,SIN_TIPO,646,641
Argentina,2025-01,ANCLAJE BASE,581,572
Argentina,2025-01,ANCLAJE APP SOA,174,174
Argentina,2025-01,MANUAL,726,688
Argentina,2025-01,SIN_TIPO,655,650
Argentina,2025-02,MANUAL,770,730
Argentina,2025-02,ANCLAJE APP SOA,159,157
Argentina,2025-02,ANCLAJE BASE,517,501
Argentina,2025-02,SIN_TIPO,725,718
Argentina,2025-03,MANUAL,913,876
Argentina,2025-03,ANCLAJE BASE,583,563
Argentina,2025-03,ANCLAJE APP SOA,184,182
Argentina,2025-03,SIN_TIPO,842,830
Argentina,2025-04,MANUAL,851,812
Argentina,2025-04,ANCLAJE APP SOA,196,193
Argentina,2025-04,ANCLAJE BASE,634,619
Argentina,2025-04,SIN_TIPO,536,530
Argentina,2025-05,MANUAL,925,892
Argentina,2025-05,ANCLAJE BASE,702,683
Argentina,2025-05,ANCLAJE APP SOA,267,256
Argentina,2025-05,SIN_TIPO,417,412
Argentina,2025-06,MANUAL,904,846
Argentina,2025-06,ANCLAJE APP SOA,314,311
Argentina,2025-06,ANCLAJE BASE,698,673
Argentina,2025-06,SIN_TIPO,468,452
Argentina,2025-07,MANUAL,929,878
Argentina,2025-07,ANCLAJE BASE,749,728
Argentina,2025-07,ANCLAJE APP SOA,365,360
Argentina,2025-07,SIN_TIPO,423,407
Argentina,2025-08,MANUAL,901,866
Argentina,2025-08,ANCLAJE BASE,760,740
Argentina,2025-08,ANCLAJE APP SOA,214,210
Argentina,2025-08,SIN_TIPO,584,556
Argentina,2025-09,ANCLAJE BASE,929,909
Argentina,2025-09,MANUAL,918,882
Argentina,2025-09,ANCLAJE APP SOA,253,249
Argentina,2025-09,SIN_TIPO,721,700
Argentina,2025-10,ANCLAJE BASE,949,926
Argentina,2025-10,ANCLAJE APP SOA,273,268
Argentina,2025-10,MANUAL,921,888
Argentina,2025-10,SIN_TIPO,749,723
Bolivia,2023-11,MANUAL,1565,1401
Bolivia,2023-11,SIN_TIPO,131,126
Bolivia,2023-12,MANUAL,1995,1729
Bolivia,2023-12,ANCLAJE,1,1
Bolivia,2023-12,SIN_TIPO,150,142
Bolivia,2024-01,MANUAL,1782,1560
Bolivia,2024-01,APP,53,46
Bolivia,2024-01,ANCLAJE,42,33
Bolivia,2024-01,SIN_TIPO,183,172
Bolivia,2024-02,MANUAL,1632,1457
Bolivia,2024-02,APP,101,97
Bolivia,2024-02,ANCLAJE,179,150
Bolivia,2024-02,SIN_TIPO,132,114
Bolivia,2024-03,MANUAL,1653,1437
Bolivia,2024-03,APP,170,162
Bolivia,2024-03,ANCLAJE,197,173
Bolivia,2024-03,SIN_TIPO,292,240
Bolivia,2024-04,MANUAL,1594,1437
Bolivia,2024-04,ANCLAJE APP,171,141
Bolivia,2024-04,ANCLAJE,100,84
Bolivia,2024-04,APP,99,97
Bolivia,2024-04,SIN_TIPO,186,175
Bolivia,2024-05,MANUAL,1589,1447
Bolivia,2024-05,ANCLAJE APP,315,265
Bolivia,2024-05,APP,47,47
Bolivia,2024-05,SIN_TIPO,209,201
Bolivia,2024-06,MANUAL,1516,1372
Bolivia,2024-06,ANCLAJE APP,237,199
Bolivia,2024-06,APP,112,106
Bolivia,2024-06,SIN_TIPO,184,173
Bolivia,2024-07,MANUAL,1506,1344
Bolivia,2024-07,ANCLAJE APP,271,233
Bolivia,2024-07,APP,128,124
Bolivia,2024-07,ANCLAJE APP SOA,33,29
Bolivia,2024-07,SIN_TIPO,155,147
Bolivia,2024-08,MANUAL,1420,1283
Bolivia,2024-08,APP,78,75
Bolivia,2024-08,ANCLAJE APP SOA,369,330
Bolivia,2024-08,SIN_TIPO,148,140
Bolivia,2024-09,MANUAL,639,613
Bolivia,2024-09,ANCLAJE APP SOA,1205,999
Bolivia,2024-09,APP,6,5
Bolivia,2024-09,SIN_TIPO,162,155
Bolivia,2024-10,MANUAL,1667,1496
Bolivia,2024-10,ANCLAJE APP SOA,242,204
Bolivia,2024-10,APP,118,113
Bolivia,2024-10,SIN_TIPO,232,220
Bolivia,2024-11,MANUAL,1589,1435
Bolivia,2024-11,ANCLAJE APP SOA,277,224
Bolivia,2024-11,APP,147,141
Bolivia,2024-11,SIN_TIPO,248,240
Bolivia,2024-12,MANUAL,1534,1375
Bolivia,2024-12,ANCLAJE APP SOA,349,292
Bolivia,2024-12,APP,104,103
Bolivia,2024-12,SIN_TIPO,158,149
Bolivia,2025-01,ANCLAJE APP SOA,437,362
Bolivia,2025-01,MANUAL,1500,1273
Bolivia,2025-01,APP,54,54
Bolivia,2025-01,SIN_TIPO,208,199
Bolivia,2025-02,MANUAL,1352,1226
Bolivia,2025-02,ANCLAJE APP SOA,412,335
Bolivia,2025-02,APP,17,17
Bolivia,2025-02,SIN_TIPO,155,139
Bolivia,2025-03,MANUAL,1319,1189
Bolivia,2025-03,APP,11,11
Bolivia,2025-03,ANCLAJE APP SOA,409,336
Bolivia,2025-03,SIN_TIPO,168,155
Bolivia,2025-04,MANUAL,1407,1247
Bolivia,2025-04,ANCLAJE APP SOA,319,268
Bolivia,2025-04,SIN_TIPO,142,134
Bolivia,2025-05,MANUAL,1508,1353
Bolivia,2025-05,ANCLAJE APP SOA,286,250
Bolivia,2025-05,SIN_TIPO,134,124
Bolivia,2025-05,APP,1,1
Bolivia,2025-06,MANUAL,1340,1200
Bolivia,2025-06,ANCLAJE APP SOA,233,211
Bolivia,2025-06,APP,2,2
Bolivia,2025-06,SIN_TIPO,156,142
Bolivia,2025-07,MANUAL,1207,1017
Bolivia,2025-07,ANCLAJE APP SOA,242,198
Bolivia,2025-07,APP,4,4
Bolivia,2025-07,SIN_TIPO,148,132
Bolivia,2025-08,MANUAL,940,811
Bolivia,2025-08,ANCLAJE APP SOA,186,159
Bolivia,2025-08,APP,12,12
Bolivia,2025-08,SIN_TIPO,98,97
Bolivia,2025-09,MANUAL,1023,858
Bolivia,2025-09,ANCLAJE APP SOA,282,224
Bolivia,2025-09,APP,4,3
Bolivia,2025-09,SIN_TIPO,128,119
Bolivia,2025-10,MANUAL,857,750
Bolivia,2025-10,ANCLAJE APP SOA,261,222
Bolivia,2025-10,SIN_TIPO,111,106
Bolivia,2025-10,APP,3,2
Chile,2023-08,APP,7,3
Chile,2023-08,MANUAL,1,1
Chile,2023-08,SIN_TIPO,4,2
Chile,2023-09,SIN_TIPO,10,7
Chile,2023-09,MANUAL,30,4
Chile,2023-09,APP,23,6
Chile,2023-10,MANUAL,1108,805
Chile,2023-10,SIN_TIPO,585,532
Chile,2023-10,APP,16,5
Chile,2023-11,MANUAL,1215,972
Chile,2023-11,SIN_TIPO,705,637
Chile,2023-12,SIN_TIPO,563,503
Chile,2023-12,MANUAL,1148,834
Chile,2024-01,MANUAL,1233,941
Chile,2024-01,SIN_TIPO,581,532
Chile,2024-02,SIN_TIPO,601,549
Chile,2024-02,MANUAL,1069,794
Chile,2024-03,SIN_TIPO,654,585
Chile,2024-03,MANUAL,1232,908
Chile,2024-03,ANCLAJE,28,19
Chile,2024-04,SIN_TIPO,706,639
Chile,2024-04,MANUAL,1428,1001
Chile,2024-04,ANCLAJE,13,12
Chile,2024-05,SIN_TIPO,693,626
Chile,2024-05,MANUAL,1566,1120
Chile,2024-05,ANCLAJE BASE,6,4
Chile,2024-05,ANCLAJE APP,4,3
Chile,2024-06,MANUAL,1234,915
Chile,2024-06,SIN_TIPO,724,635
Chile,2024-06,ANCLAJE BASE,36,28
Chile,2024-07,SIN_TIPO,792,723
Chile,2024-07,MANUAL,1251,974
Chile,2024-07,ANCLAJE BASE,50,39
Chile,2024-07,ANCLAJE APP,45,41
Chile,2024-08,MANUAL,1116,848
Chile,2024-08,SIN_TIPO,618,583
Chile,2024-08,ANCLAJE BASE,186,136
Chile,2024-08,ANCLAJE APP SOA,64,57
Chile,2024-09,SIN_TIPO,560,534
Chile,2024-09,MANUAL,247,185
Chile,2024-09,ANCLAJE APP SOA,688,564
Chile,2024-09,ANCLAJE BASE,203,152
Chile,2024-10,SIN_TIPO,592,556
Chile,2024-10,MANUAL,1108,858
Chile,2024-10,ANCLAJE BASE,142,116
Chile,2024-11,SIN_TIPO,510,488
Chile,2024-11,MANUAL,937,718
Chile,2024-11,ANCLAJE BASE,124,92
Chile,2024-12,MANUAL,930,724
Chile,2024-12,SIN_TIPO,640,614
Chile,2024-12,ANCLAJE BASE,85,58
Chile,2025-01,SIN_TIPO,675,640
Chile,2025-01,MANUAL,1058,833
Chile,2025-01,ANCLAJE BASE,97,82
Chile,2025-01,ANCLAJE APP SOA,22,19
Chile,2025-02,MANUAL,877,687
Chile,2025-02,SIN_TIPO,608,573
Chile,2025-02,ANCLAJE APP SOA,43,33
Chile,2025-02,ANCLAJE BASE,111,89
Chile,2025-03,SIN_TIPO,594,579
Chile,2025-03,MANUAL,841,673
Chile,2025-03,ANCLAJE APP SOA,40,33
Chile,2025-03,ANCLAJE BASE,110,85
Chile,2025-04,SIN_TIPO,584,567
Chile,2025-04,MANUAL,752,630
Chile,2025-04,ANCLAJE BASE,115,93
Chile,2025-04,ANCLAJE APP SOA,34,28
Chile,2025-05,SIN_TIPO,553,530
Chile,2025-05,MANUAL,758,610
Chile,2025-05,ANCLAJE BASE,81,70
Chile,2025-05,ANCLAJE APP SOA,56,36
Chile,2025-06,SIN_TIPO,735,693
Chile,2025-06,MANUAL,830,644
Chile,2025-06,ANCLAJE BASE,50,39
Chile,2025-06,ANCLAJE APP SOA,58,42
Chile,2025-07,SIN_TIPO,757,707
Chile,2025-07,MANUAL,915,724
Chile,2025-07,ANCLAJE BASE,75,57
Chile,2025-07,ANCLAJE APP SOA,74,48
Chile,2025-08,SIN_TIPO,531,486
Chile,2025-08,MANUAL,841,641
Chile,2025-08,ANCLAJE BASE,83,66
Chile,2025-08,ANCLAJE APP SOA,21,19
Chile,2025-09,SIN_TIPO,391,367
Chile,2025-09,MANUAL,931,690
Chile,2025-09,ANCLAJE APP SOA,37,23
Chile,2025-09,ANCLAJE BASE,71,52
Chile,2025-09,APP,1,1
Chile,2025-10,MANUAL,768,616
Chile,2025-10,SIN_TIPO,444,402
Chile,2025-10,ANCLAJE APP SOA,33,21
Chile,2025-10,ANCLAJE BASE,64,44
Colombia,2023-12,SIN_TIPO,8,8
Colombia,2024-01,SIN_TIPO,9,9
Colombia,2024-03,SIN_TIPO,2,2
Colombia,2024-04,SIN_TIPO,1,1
Colombia,2024-05,SIN_TIPO,1,1
Colombia,2024-06,SIN_TIPO,1,1
Colombia,2024-08,SIN_TIPO,1,1
Colombia,2024-10,SIN_TIPO,1,1
Colombia,2024-11,SIN_TIPO,5,5
Colombia,2025-04,SIN_TIPO,1,1
Colombia,2025-06,SIN_TIPO,25,25
Colombia,2025-07,SIN_TIPO,53,53
Colombia,2025-08,SIN_TIPO,44,44
Colombia,2025-09,SIN_TIPO,37,36
Colombia,2025-09,APIROUTE1,1,1
Colombia,2025-10,SIN_TIPO,15,15
Costa_Rica,2023-03,APP,76,75
Costa_Rica,2023-03,SIN_TIPO,275,242
Costa_Rica,2023-03,MANUAL,434,279
Costa_Rica,2023-03,ANCLAJE,57,40
Costa_Rica,2023-04,SIN_TIPO,2018,1672
Costa_Rica,2023-04,MANUAL,3299,1964
Costa_Rica,2023-04,ANCLAJE,366,224
Costa_Rica,2023-04,APP,185,149
Costa_Rica,2023-05,MANUAL,3884,2581
Costa_Rica,2023-05,SIN_TIPO,2415,2033
Costa_Rica,2023-05,APP,287,223
Costa_Rica,2023-05,ANCLAJE,266,207
Costa_Rica,2023-06,MANUAL,3408,2344
Costa_Rica,2023-06,SIN_TIPO,2108,1893
Costa_Rica,2023-06,APP,193,165
Costa_Rica,2023-06,ANCLAJE,224,178
Costa_Rica,2023-07,APP,154,145
Costa_Rica,2023-07,ANCLAJE,315,243
Costa_Rica,2023-07,MANUAL,3051,2146
Costa_Rica,2023-07,SIN_TIPO,2119,1888
Costa_Rica,2023-08,SIN_TIPO,2323,2122
Costa_Rica,2023-08,ANCLAJE,768,647
Costa_Rica,2023-08,MANUAL,3172,2087
Costa_Rica,2023-08,APP,172,157
Costa_Rica,2023-09,SIN_TIPO,1873,1745
Costa_Rica,2023-09,MANUAL,3187,2073
Costa_Rica,2023-09,ANCLAJE,793,652
Costa_Rica,2023-09,APP,195,181
Costa_Rica,2023-10,SIN_TIPO,2284,2063
Costa_Rica,2023-10,ANCLAJE,1477,1149
Costa_Rica,2023-10,MANUAL,2518,1703
Costa_Rica,2023-10,APP,244,230
Costa_Rica,2023-11,MANUAL,3028,2042
Costa_Rica,2023-11,APP,223,218
Costa_Rica,2023-11,ANCLAJE,992,849
Costa_Rica,2023-11,SIN_TIPO,2092,1917
Costa_Rica,2023-12,MANUAL,2644,1705
Costa_Rica,2023-12,SIN_TIPO,1758,1522
Costa_Rica,2023-12,ANCLAJE,842,686
Costa_Rica,2023-12,APP,164,145
Costa_Rica,2024-01,MANUAL,2865,1849
Costa_Rica,2024-01,SIN_TIPO,1837,1642
Costa_Rica,2024-01,ANCLAJE,1131,904
Costa_Rica,2024-01,APP,129,123
Costa_Rica,2024-02,SIN_TIPO,1508,1343
Costa_Rica,2024-02,MANUAL,2634,1716
Costa_Rica,2024-02,APP,106,101
Costa_Rica,2024-02,ANCLAJE,1204,919
Costa_Rica,2024-03,MANUAL,2408,1503
Costa_Rica,2024-03,ANCLAJE,1236,962
Costa_Rica,2024-03,SIN_TIPO,1552,1389
Costa_Rica,2024-03,APP,127,119
Costa_Rica,2024-04,MANUAL,2968,1997
Costa_Rica,2024-04,SIN_TIPO,1547,1426
Costa_Rica,2024-04,ANCLAJE APP,700,557
Costa_Rica,2024-04,APP,121,113
Costa_Rica,2024-04,ANCLAJE,520,435
Costa_Rica,2024-04,ANCLAJE APP SOA,1,1
Costa_Rica,2024-05,ANCLAJE APP,1227,926
Costa_Rica,2024-05,MANUAL,2844,2037
Costa_Rica,2024-05,SIN_TIPO,1766,1611
Costa_Rica,2024-05,APP,93,91
Costa_Rica,2024-05,ANCLAJE APP SOA,4,4
Costa_Rica,2024-06,SIN_TIPO,1704,1572
Costa_Rica,2024-06,MANUAL,2025,1493
Costa_Rica,2024-06,ANCLAJE APP,1069,872
Costa_Rica,2024-06,APP,252,234
Costa_Rica,2024-07,SIN_TIPO,1458,1439
Costa_Rica,2024-07,MANUAL,1631,1394
Costa_Rica,2024-07,APP,414,388
Costa_Rica,2024-07,ANCLAJE APP,923,769
Costa_Rica,2024-07,ANCLAJE APP SOA,118,109
Costa_Rica,2024-08,APP,725,637
Costa_Rica,2024-08,SIN_TIPO,1662,1614
Costa_Rica,2024-08,MANUAL,1506,1248
Costa_Rica,2024-08,ANCLAJE APP SOA,732,631
Costa_Rica,2024-09,SIN_TIPO,1868,1820
Costa_Rica,2024-09,MANUAL,1577,1293
Costa_Rica,2024-09,ANCLAJE APP SOA,1265,1043
Costa_Rica,2024-09,APP,473,436
Costa_Rica,2024-10,ANCLAJE APP SOA,1393,1205
Costa_Rica,2024-10,SIN_TIPO,2061,1990
Costa_Rica,2024-10,MANUAL,1837,1498
Costa_Rica,2024-10,APP,384,354
Costa_Rica,2024-10,ANCLAJE BASE,1,1
Costa_Rica,2024-11,MANUAL,1775,1495
Costa_Rica,2024-11,SIN_TIPO,1884,1826
Costa_Rica,2024-11,ANCLAJE APP SOA,1503,1302
Costa_Rica,2024-11,APP,275,253
Costa_Rica,2024-12,SIN_TIPO,1559,1516
Costa_Rica,2024-12,MANUAL,1604,1322
Costa_Rica,2024-12,ANCLAJE APP SOA,1683,1353
Costa_Rica,2024-12,APP,175,170
Costa_Rica,2025-01,ANCLAJE APP SOA,1808,1508
Costa_Rica,2025-01,SIN_TIPO,1833,1773
Costa_Rica,2025-01,MANUAL,1729,1441
Costa_Rica,2025-01,APP,300,281
Costa_Rica,2025-02,ANCLAJE APP SOA,1457,1240
Costa_Rica,2025-02,SIN_TIPO,1505,1468
Costa_Rica,2025-02,MANUAL,1498,1218
Costa_Rica,2025-02,APP,75,75
Costa_Rica,2025-03,MANUAL,1749,1404
Costa_Rica,2025-03,SIN_TIPO,1595,1560
Costa_Rica,2025-03,ANCLAJE APP SOA,1565,1287
Costa_Rica,2025-03,APP,44,44
Costa_Rica,2025-04,MANUAL,2029,1418
Costa_Rica,2025-04,SIN_TIPO,1404,1378
Costa_Rica,2025-04,ANCLAJE APP SOA,1289,1049
Costa_Rica,2025-04,ANCLAJE BASE,112,105
Costa_Rica,2025-04,APP,43,42
Costa_Rica,2025-05,SIN_TIPO,1558,1528
Costa_Rica,2025-05,ANCLAJE APP SOA,1527,1219
Costa_Rica,2025-05,MANUAL,2087,1612
Costa_Rica,2025-05,ANCLAJE BASE,114,114
Costa_Rica,2025-05,APP,54,54
Costa_Rica,2025-06,MANUAL,2452,1527
Costa_Rica,2025-06,SIN_TIPO,1312,1242
Costa_Rica,2025-06,ANCLAJE APP SOA,1572,1109
Costa_Rica,2025-06,APP,353,337
Costa_Rica,2025-06,ANCLAJE BASE,138,128
Costa_Rica,2025-07,SIN_TIPO,1275,1192
Costa_Rica,2025-07,APP,295,283
Costa_Rica,2025-07,ANCLAJE APP SOA,1569,1117
Costa_Rica,2025-07,MANUAL,3040,1925
Costa_Rica,2025-07,ANCLAJE BASE,16,12
Costa_Rica,2025-08,SIN_TIPO,1413,1281
Costa_Rica,2025-08,MANUAL,3449,1975
Costa_Rica,2025-08,ANCLAJE APP SOA,1784,1164
Costa_Rica,2025-08,APP,66,61
Costa_Rica,2025-08,ANCLAJE BASE,18,16
Costa_Rica,2025-09,MANUAL,4779,2420
Costa_Rica,2025-09,ANCLAJE APP SOA,2488,1392
Costa_Rica,2025-09,SIN_TIPO,1426,1287
Costa_Rica,2025-09,APP,82,76
Costa_Rica,2025-09,ANCLAJE BASE,22,15
Costa_Rica,2025-10,MANUAL,4050,2152
Costa_Rica,2025-10,ANCLAJE APP SOA,2335,1307
Costa_Rica,2025-10,SIN_TIPO,1551,1312
Costa_Rica,2025-10,ANCLAJE BASE,97,42
Costa_Rica,2025-10,APP,41,41
Dominicana,2023-01,MANUAL,1058,907
Dominicana,2023-01,ANCLAJE,1016,933
Dominicana,2023-01,SIN_TIPO,489,434
Dominicana,2023-01,APP,542,526
Dominicana,2023-02,ANCLAJE,827,745
Dominicana,2023-02,APP,771,742
Dominicana,2023-02,SIN_TIPO,440,418
Dominicana,2023-02,MANUAL,731,639
Dominicana,2023-03,APP,1029,922
Dominicana,2023-03,SIN_TIPO,474,434
Dominicana,2023-03,MANUAL,885,757
Dominicana,2023-03,ANCLAJE,782,728
Dominicana,2023-04,SIN_TIPO,469,447
Dominicana,2023-04,APP,760,735
Dominicana,2023-04,MANUAL,923,822
Dominicana,2023-04,ANCLAJE,918,833
Dominicana,2023-05,ANCLAJE,937,853
Dominicana,2023-05,MANUAL,1078,918
Dominicana,2023-05,APP,967,936
Dominicana,2023-05,SIN_TIPO,548,500
Dominicana,2023-06,SIN_TIPO,491,466
Dominicana,2023-06,MANUAL,925,811
Dominicana,2023-06,ANCLAJE,762,711
Dominicana,2023-06,APP,1142,1104
Dominicana,2023-07,MANUAL,1054,905
Dominicana,2023-07,SIN_TIPO,532,494
Dominicana,2023-07,ANCLAJE,804,729
Dominicana,2023-07,APP,1089,1044
Dominicana,2023-08,MANUAL,1068,915
Dominicana,2023-08,SIN_TIPO,510,483
Dominicana,2023-08,APP,1211,1171
Dominicana,2023-08,ANCLAJE,925,842
Dominicana,2023-09,ANCLAJE,797,743
Dominicana,2023-09,MANUAL,911,806
Dominicana,2023-09,APP,1294,1269
Dominicana,2023-09,SIN_TIPO,520,477
Dominicana,2023-10,APP,1093,1061
Dominicana,2023-10,SIN_TIPO,455,430
Dominicana,2023-10,ANCLAJE,1114,980
Dominicana,2023-10,MANUAL,843,750
Dominicana,2023-11,ANCLAJE,1304,1082
Dominicana,2023-11,MANUAL,1194,1050
Dominicana,2023-11,SIN_TIPO,649,590
Dominicana,2023-11,APP,907,881
Dominicana,2023-12,SIN_TIPO,480,423
Dominicana,2023-12,ANCLAJE,1362,1121
Dominicana,2023-12,APP,721,710
Dominicana,2023-12,MANUAL,1212,1018
Dominicana,2024-01,ANCLAJE,1006,921
Dominicana,2024-01,MANUAL,1104,985
Dominicana,2024-01,SIN_TIPO,452,427
Dominicana,2024-01,APP,850,820
Dominicana,2024-02,ANCLAJE,824,725
Dominicana,2024-02,APP,924,902
Dominicana,2024-02,MANUAL,904,811
Dominicana,2024-02,SIN_TIPO,467,428
Dominicana,2024-03,APP,851,837
Dominicana,2024-03,SIN_TIPO,449,420
Dominicana,2024-03,ANCLAJE,1012,943
Dominicana,2024-03,MANUAL,949,874
Dominicana,2024-04,SIN_TIPO,516,480
Dominicana,2024-04,ANCLAJE APP,897,816
Dominicana,2024-04,MANUAL,970,872
Dominicana,2024-04,APP,777,766
Dominicana,2024-04,ANCLAJE,346,317
Dominicana,2024-04,ANCLAJE BASE,1,1
Dominicana,2024-05,APP,828,818
Dominicana,2024-05,ANCLAJE APP,1304,1202
Dominicana,2024-05,SIN_TIPO,554,519
Dominicana,2024-05,MANUAL,965,869
Dominicana,2024-05,ANCLAJE BASE,7,7
Dominicana,2024-06,APP,785,777
Dominicana,2024-06,MANUAL,873,808
Dominicana,2024-06,SIN_TIPO,569,539
Dominicana,2024-06,ANCLAJE APP,1154,1069
Dominicana,2024-06,ANCLAJE BASE,3,3
Dominicana,2024-07,SIN_TIPO,562,544
Dominicana,2024-07,MANUAL,862,762
Dominicana,2024-07,APP,1212,1192
Dominicana,2024-07,ANCLAJE APP,807,739
Dominicana,2024-07,ANCLAJE BASE,21,21
Dominicana,2024-07,ANCLAJE APP SOA,163,150
Dominicana,2024-08,SIN_TIPO,537,504
Dominicana,2024-08,APP,1060,1046
Dominicana,2024-08,ANCLAJE APP SOA,970,898
Dominicana,2024-08,MANUAL,763,703
Dominicana,2024-08,ANCLAJE BASE,55,51
Dominicana,2024-09,SIN_TIPO,555,513
Dominicana,2024-09,ANCLAJE APP SOA,1787,1643
Dominicana,2024-09,APP,901,889
Dominicana,2024-09,MANUAL,269,258
Dominicana,2024-09,ANCLAJE BASE,7,7
Dominicana,2024-10,SIN_TIPO,532,506
Dominicana,2024-10,ANCLAJE APP SOA,1153,1052
Dominicana,2024-10,MANUAL,804,754
Dominicana,2024-10,APP,1071,1056
Dominicana,2024-10,ANCLAJE BASE,3,3
Dominicana,2024-11,APP,1269,1251
Dominicana,2024-11,ANCLAJE APP SOA,1008,956
Dominicana,2024-11,SIN_TIPO,670,639
Dominicana,2024-11,MANUAL,795,729
Dominicana,2024-11,ANCLAJE BASE,17,17
Dominicana,2024-12,SIN_TIPO,680,645
Dominicana,2024-12,ANCLAJE APP SOA,1320,1233
Dominicana,2024-12,MANUAL,929,841
Dominicana,2024-12,APP,955,944
Dominicana,2024-12,ANCLAJE BASE,2,2
Dominicana,2025-01,SIN_TIPO,641,605
Dominicana,2025-01,MANUAL,1007,921
Dominicana,2025-01,ANCLAJE APP SOA,1043,979
Dominicana,2025-01,APP,991,975
Dominicana,2025-01,ANCLAJE BASE,4,4
Dominicana,2025-02,MANUAL,911,852
Dominicana,2025-02,ANCLAJE APP SOA,893,831
Dominicana,2025-02,SIN_TIPO,590,571
Dominicana,2025-02,APP,860,838
Dominicana,2025-03,SIN_TIPO,693,667
Dominicana,2025-03,ANCLAJE APP SOA,1283,1213
Dominicana,2025-03,APP,859,839
Dominicana,2025-03,MANUAL,927,848
Dominicana,2025-04,SIN_TIPO,670,644
Dominicana,2025-04,ANCLAJE APP SOA,1179,1132
Dominicana,2025-04,MANUAL,998,919
Dominicana,2025-04,APP,505,489
Dominicana,2025-05,SIN_TIPO,834,785
Dominicana,2025-05,ANCLAJE APP SOA,1194,1143
Dominicana,2025-05,MANUAL,1019,947
Dominicana,2025-05,APP,707,697
Dominicana,2025-06,APP,923,891
Dominicana,2025-06,SIN_TIPO,782,725
Dominicana,2025-06,ANCLAJE APP SOA,882,826
Dominicana,2025-06,MANUAL,873,784
Dominicana,2025-07,APP,916,899
Dominicana,2025-07,SIN_TIPO,843,797
Dominicana,2025-07,MANUAL,862,789
Dominicana,2025-07,ANCLAJE APP SOA,988,919
Dominicana,2025-08,ANCLAJE APP SOA,948,904
Dominicana,2025-08,APP,902,889
Dominicana,2025-08,SIN_TIPO,782,744
Dominicana,2025-08,MANUAL,879,813
Dominicana,2025-09,ANCLAJE APP SOA,1179,1091
Dominicana,2025-09,APP,962,944
Dominicana,2025-09,SIN_TIPO,812,779
Dominicana,2025-09,MANUAL,834,761
Dominicana,2025-09,ANCLAJE BASE,3,3
Dominicana,2025-10,MANUAL,651,599
Dominicana,2025-10,APP,910,889
Dominicana,2025-10,SIN_TIPO,657,629
Dominicana,2025-10,ANCLAJE APP SOA,977,903
Dominicana,2025-10,ANCLAJE BASE,7,6
Ecuador,2023-10,MANUAL,1,1
Ecuador,2023-11,MANUAL,425,308
Ecuador,2023-11,SIN_TIPO,105,84
Ecuador,2023-12,SIN_TIPO,55,42
Ecuador,2023-12,MANUAL,340,227
Ecuador,2024-01,MANUAL,437,301
Ecuador,2024-01,SIN_TIPO,48,39
Ecuador,2024-02,MANUAL,473,340
Ecuador,2024-02,SIN_TIPO,47,44
Ecuador,2024-03,SIN_TIPO,42,36
Ecuador,2024-03,MANUAL,505,344
Ecuador,2024-03,ANCLAJE,11,9
Ecuador,2024-03,APP,1,1
Ecuador,2024-04,MANUAL,528,388
Ecuador,2024-04,SIN_TIPO,41,32
Ecuador,2024-04,ANCLAJE,3,3
Ecuador,2024-04,ANCLAJE APP,2,2
Ecuador,2024-05,SIN_TIPO,56,54
Ecuador,2024-05,MANUAL,557,413
Ecuador,2024-05,ANCLAJE APP,3,3
Ecuador,2024-06,SIN_TIPO,60,57
Ecuador,2024-06,MANUAL,418,326
Ecuador,2024-06,ANCLAJE APP,11,6
Ecuador,2024-07,SIN_TIPO,113,102
Ecuador,2024-07,MANUAL,553,409
Ecuador,2024-07,ANCLAJE APP,86,57
Ecuador,2024-08,SIN_TIPO,74,69
Ecuador,2024-08,MANUAL,614,438
Ecuador,2024-08,ANCLAJE APP SOA,16,15
Ecuador,2024-09,SIN_TIPO,70,62
Ecuador,2024-09,ANCLAJE APP SOA,425,338
Ecuador,2024-09,MANUAL,71,53
Ecuador,2024-10,MANUAL,476,377
Ecuador,2024-10,SIN_TIPO,63,60
Ecuador,2024-10,ANCLAJE APP SOA,2,2
Ecuador,2024-11,SIN_TIPO,79,70
Ecuador,2024-11,MANUAL,450,361
Ecuador,2024-11,ANCLAJE APP SOA,2,2
Ecuador,2024-12,SIN_TIPO,92,90
Ecuador,2024-12,MANUAL,409,323
Ecuador,2024-12,ANCLAJE APP SOA,3,3
Ecuador,2025-01,SIN_TIPO,82,79
Ecuador,2025-01,MANUAL,501,384
Ecuador,2025-01,ANCLAJE APP SOA,3,3
Ecuador,2025-02,SIN_TIPO,69,66
Ecuador,2025-02,MANUAL,467,357
Ecuador,2025-02,ANCLAJE APP SOA,6,4
Ecuador,2025-03,SIN_TIPO,77,72
Ecuador,2025-03,MANUAL,443,340
Ecuador,2025-03,ANCLAJE APP SOA,1,1
Ecuador,2025-04,SIN_TIPO,86,83
Ecuador,2025-04,MANUAL,522,421
Ecuador,2025-04,ANCLAJE APP SOA,1,1
Ecuador,2025-05,SIN_TIPO,89,83
Ecuador,2025-05,MANUAL,532,406
Ecuador,2025-05,ANCLAJE APP SOA,2,2
Ecuador,2025-06,SIN_TIPO,121,109
Ecuador,2025-06,MANUAL,490,393
Ecuador,2025-06,ANCLAJE APP SOA,7,6
Ecuador,2025-07,SIN_TIPO,136,126
Ecuador,2025-07,MANUAL,567,451
Ecuador,2025-07,ANCLAJE APP SOA,8,7
Ecuador,2025-08,SIN_TIPO,131,120
Ecuador,2025-08,MANUAL,644,516
Ecuador,2025-08,ANCLAJE APP SOA,3,3
Ecuador,2025-09,SIN_TIPO,132,109
Ecuador,2025-09,MANUAL,652,517
Ecuador,2025-09,ANCLAJE APP SOA,4,4
Ecuador,2025-09,APP,1,1
Ecuador,2025-10,MANUAL,488,417
Ecuador,2025-10,SIN_TIPO,100,91
Ecuador,2025-10,APP,9,5
Ecuador,2025-10,ANCLAJE APP SOA,15,13
Egipto,2023-01,SIN_TIPO,33,26
Egipto,2023-01,MANUAL,6,6
Egipto,2023-01,APP,41,33
Egipto,2023-01,ANCLAJE,6,5
Egipto,2023-02,ANCLAJE,6,5
Egipto,2023-02,SIN_TIPO,12,11
Egipto,2023-02,APP,2,2
Egipto,2023-03,SIN_TIPO,4,4
Egipto,2023-03,APP,2,2
Egipto,2023-06,APP,4,1
Egipto,2023-06,SIN_TIPO,2,2
Egipto,2023-06,ANCLAJE,1,1
Egipto,2023-07,SIN_TIPO,1,1
Egipto,2023-08,ANCLAJE,4,1
Egipto,2023-08,MANUAL,10,7
Egipto,2023-09,MANUAL,6,4
Egipto,2023-09,SIN_TIPO,7,6
Egipto,2023-09,APP,16,6
Egipto,2023-09,ANCLAJE,6,1
Egipto,2023-10,SIN_TIPO,8,3
Egipto,2023-11,APP,13,4
Egipto,2023-11,SIN_TIPO,35,9
Egipto,2023-12,SIN_TIPO,6,1
Egipto,2024-01,SIN_TIPO,1,1
Egipto,2024-02,MANUAL,4,2
Egipto,2024-02,APP,3,2
Egipto,2024-02,SIN_TIPO,21,5
Egipto,2024-02,ANCLAJE,2,2
Egipto,2024-03,SIN_TIPO,32,16
Egipto,2024-03,APP,2,2
Egipto,2024-04,SIN_TIPO,30,8
Egipto,2024-04,APP,14,7
Egipto,2024-05,APP,32,4
Egipto,2024-05,SIN_TIPO,42,4
Egipto,2024-06,APP,2,1
Egipto,2024-06,SIN_TIPO,12,5
Egipto,2024-07,MANUAL,7,2
Egipto,2024-07,SIN_TIPO,2,2
Egipto,2024-08,SIN_TIPO,16,5
Egipto,2024-08,APP,25,5
Egipto,2024-08,ANCLAJE APP SOA,1,1
Egipto,2024-09,SIN_TIPO,35,8
Egipto,2024-09,APP,25,7
Egipto,2024-09,MANUAL,1,1
Egipto,2024-10,SIN_TIPO,3,1
Egipto,2024-11,APP,1,1
Egipto,2025-01,SIN_TIPO,25,5
Egipto,2025-01,MANUAL,4,2
Egipto,2025-01,APP,13,4
Egipto,2025-01,ANCLAJE APP SOA,3,1
Egipto,2025-01,ANCLAJE BASE,5,2
Egipto,2025-02,SIN_TIPO,14,5
Egipto,2025-02,ANCLAJE APP SOA,3,2
Egipto,2025-02,APP,2,2
Egipto,2025-03,APP,8,2
Egipto,2025-03,SIN_TIPO,8,2
Egipto,2025-04,ANCLAJE APP SOA,1,1
Egipto,2025-04,SIN_TIPO,2,1
Egipto,2025-05,SIN_TIPO,1,1
Egipto,2025-05,APP,6,3
Egipto,2025-07,SIN_TIPO,16,5
Egipto,2025-07,ANCLAJE APP SOA,4,1
Egipto,2025-07,MANUAL,7,6
Egipto,2025-08,MANUAL,27,20
Egipto,2025-08,SIN_TIPO,29,7
Egipto,2025-08,ANCLAJE APP SOA,1,1
Egipto,2025-09,SIN_TIPO,36,18
Egipto,2025-09,MANUAL,3,3
Egipto,2025-10,SIN_TIPO,8,3
Egipto,2025-10,MANUAL,1,1
Estados_Unidos,2024-12,ANCLAJE APP SOA,3,2
Estados_Unidos,2024-12,MANUAL,2,1
Estados_Unidos,2025-01,SIN_TIPO,2,1
Estados_Unidos,2025-01,MANUAL,4,3
Estados_Unidos,2025-01,APP,1,1
Estados_Unidos,2025-01,ANCLAJE APP SOA,7,4
Estados_Unidos,2025-02,ANCLAJE APP SOA,2,1
Estados_Unidos,2025-02,MANUAL,1,1
Estados_Unidos,2025-02,SIN_TIPO,1,1
Estados_Unidos,2025-02,ANCLAJE BASE,3,3
Estados_Unidos,2025-03,ANCLAJE APP SOA,12,11
Estados_Unidos,2025-03,APP,4,4
Estados_Unidos,2025-03,ANCLAJE BASE,2,2
Estados_Unidos,2025-03,MANUAL,5,4
Estados_Unidos,2025-04,ANCLAJE APP SOA,4,3
Estados_Unidos,2025-04,MANUAL,1,1
Estados_Unidos,2025-04,SIN_TIPO,3,2
Estados_Unidos,2025-04,APP,1,1
Estados_Unidos,2025-07,SIN_TIPO,1,1
Guatemala,2024-01,APP,53,14
Guatemala,2024-01,MANUAL,2,1
Guatemala,2024-01,SIN_TIPO,27,8
Guatemala,2024-02,SIN_TIPO,76,39
Guatemala,2024-02,MANUAL,31,22
Guatemala,2024-02,APP,153,30
Guatemala,2024-02,ANCLAJE,21,11
Guatemala,2024-03,SIN_TIPO,55,30
Guatemala,2024-03,APP,79,18
Guatemala,2024-03,ANCLAJE,34,13
Guatemala,2024-03,MANUAL,61,23
Guatemala,2024-04,SIN_TIPO,78,26
Guatemala,2024-04,APP,217,34
Guatemala,2024-04,ANCLAJE APP,16,8
Guatemala,2024-04,MANUAL,58,28
Guatemala,2024-04,ANCLAJE,23,9
Guatemala,2024-05,MANUAL,10,8
Guatemala,2024-05,ANCLAJE APP,20,8
Guatemala,2024-05,SIN_TIPO,52,46
Guatemala,2024-05,APP,65,31
Guatemala,2024-06,SIN_TIPO,131,77
Guatemala,2024-06,APP,36,20
Guatemala,2024-06,MANUAL,14,10
Guatemala,2024-06,ANCLAJE APP,7,3
Guatemala,2024-07,SIN_TIPO,36,26
Guatemala,2024-07,APP,20,5
Guatemala,2024-07,ANCLAJE APP,31,19
Guatemala,2024-07,MANUAL,17,9
Guatemala,2024-07,ANCLAJE BASE,3,1
Guatemala,2024-08,ANCLAJE APP SOA,5,4
Guatemala,2024-08,SIN_TIPO,12,8
Guatemala,2024-08,APP,8,8
Guatemala,2024-08,MANUAL,2,2
Guatemala,2024-08,ANCLAJE BASE,1,1
Guatemala,2024-09,APP,709,76
Guatemala,2024-09,SIN_TIPO,116,71
Guatemala,2024-09,MANUAL,20,14
Guatemala,2024-09,ANCLAJE APP SOA,147,31
Guatemala,2024-10,ANCLAJE APP SOA,3902,2885
Guatemala,2024-10,SIN_TIPO,2087,1980
Guatemala,2024-10,MANUAL,2094,1780
Guatemala,2024-10,BASE AUTOMATICO,2298,2093
Guatemala,2024-10,APP,3064,2067
Guatemala,2024-10,ANCLAJE BASE,462,408
Guatemala,2024-11,APP,3931,2927
Guatemala,2024-11,ANCLAJE APP SOA,6629,4715
Guatemala,2024-11,SIN_TIPO,2539,2433
Guatemala,2024-11,ANCLAJE BASE,1079,962
Guatemala,2024-11,MANUAL,3540,3009
Guatemala,2024-11,BASE AUTOMATICO,3921,3631
Guatemala,2024-12,APP,4303,3190
Guatemala,2024-12,ANCLAJE APP SOA,6430,4644
Guatemala,2024-12,SIN_TIPO,3148,3049
Guatemala,2024-12,MANUAL,3640,3072
Guatemala,2024-12,ANCLAJE BASE,1275,1166
Guatemala,2024-12,BASE AUTOMATICO,3161,3013
Guatemala,2025-01,APP,3983,3022
Guatemala,2025-01,SIN_TIPO,3699,3558
Guatemala,2025-01,ANCLAJE BASE,1228,1146
Guatemala,2025-01,ANCLAJE APP SOA,6127,4522
Guatemala,2025-01,BASE AUTOMATICO,3381,3224
Guatemala,2025-01,MANUAL,3436,2918
Guatemala,2025-02,SIN_TIPO,3310,3195
Guatemala,2025-02,MANUAL,3312,2833
Guatemala,2025-02,ANCLAJE APP SOA,6044,4377
Guatemala,2025-02,BASE AUTOMATICO,3235,3074
Guatemala,2025-02,APP,3721,2882
Guatemala,2025-02,ANCLAJE BASE,1151,1051
Guatemala,2025-03,SIN_TIPO,6145,5983
Guatemala,2025-03,BASE AUTOMATICO,4200,3961
Guatemala,2025-03,ANCLAJE APP SOA,7372,5231
Guatemala,2025-03,MANUAL,3656,3079
Guatemala,2025-03,APP,2393,1991
Guatemala,2025-03,ANCLAJE BASE,1346,1243
Guatemala,2025-04,SIN_TIPO,5450,5328
Guatemala,2025-04,MANUAL,3424,2921
Guatemala,2025-04,ANCLAJE APP SOA,6642,4713
Guatemala,2025-04,ANCLAJE BASE,1416,1243
Guatemala,2025-04,APP,2693,2113
Guatemala,2025-04,BASE AUTOMATICO,3971,3746
Guatemala,2025-05,SIN_TIPO,5480,5325
Guatemala,2025-05,MANUAL,3531,2979
Guatemala,2025-05,APP,2326,1985
Guatemala,2025-05,ANCLAJE APP SOA,7544,5416
Guatemala,2025-05,BASE AUTOMATICO,4250,3974
Guatemala,2025-05,ANCLAJE BASE,1509,1347
Guatemala,2025-06,BASE AUTOMATICO,4137,3819
Guatemala,2025-06,SIN_TIPO,5105,4888
Guatemala,2025-06,ANCLAJE BASE,1880,1381
Guatemala,2025-06,ANCLAJE APP SOA,8543,4949
Guatemala,2025-06,APP,3523,2195
Guatemala,2025-06,MANUAL,4260,2939
Guatemala,2025-07,SIN_TIPO,5925,5731
Guatemala,2025-07,ANCLAJE APP SOA,10116,5499
Guatemala,2025-07,BASE AUTOMATICO,4520,4177
Guatemala,2025-07,MANUAL,4490,3024
Guatemala,2025-07,ANCLAJE BASE,2224,1627
Guatemala,2025-07,APP,3713,2331
Guatemala,2025-08,SIN_TIPO,6190,5927
Guatemala,2025-08,ANCLAJE APP SOA,9121,5530
Guatemala,2025-08,APP,1706,1345
Guatemala,2025-08,BASE AUTOMATICO,5335,4708
Guatemala,2025-08,ANCLAJE BASE,1938,1487
Guatemala,2025-08,MANUAL,4274,3102
Guatemala,2025-09,SIN_TIPO,7907,7494
Guatemala,2025-09,ANCLAJE APP SOA,7299,5272
Guatemala,2025-09,BASE AUTOMATICO,6037,5236
Guatemala,2025-09,APP,967,897
Guatemala,2025-09,MANUAL,4301,3300
Guatemala,2025-09,ANCLAJE BASE,2009,1616
Guatemala,2025-10,BASE AUTOMATICO,4416,3805
Guatemala,2025-10,SIN_TIPO,5836,5452
Guatemala,2025-10,ANCLAJE BASE,1714,1382
Guatemala,2025-10,MANUAL,3777,2835
Guatemala,2025-10,ANCLAJE APP SOA,7148,5016
Guatemala,2025-10,APP,744,663
Honduras,2023-11,MANUAL,1,1
Honduras,2023-11,APP,9,1
Honduras,2023-11,SIN_TIPO,3,1
Honduras,2024-01,MANUAL,1,1
Honduras,2024-03,MANUAL,2,2
Honduras,2024-03,SIN_TIPO,1,1
Honduras,2024-04,MANUAL,5,5
Honduras,2024-05,MANUAL,6,5
Honduras,2024-05,SIN_TIPO,4,2
Honduras,2024-06,MANUAL,5,4
Honduras,2024-07,MANUAL,7,6
Honduras,2024-08,MANUAL,10,10
Honduras,2024-09,ANCLAJE APP SOA,1,1
Honduras,2024-10,MANUAL,15,14
Honduras,2024-10,SIN_TIPO,5,5
Honduras,2024-11,MANUAL,19,16
Honduras,2024-11,ANCLAJE BASE,2,2
Honduras,2024-11,SIN_TIPO,8,7
Honduras,2024-12,MANUAL,30,25
Honduras,2024-12,ANCLAJE BASE,1,1
Honduras,2024-12,SIN_TIPO,4,4
Honduras,2025-01,MANUAL,26,25
Honduras,2025-01,ANCLAJE BASE,1,1
Honduras,2025-01,SIN_TIPO,3,3
Honduras,2025-02,MANUAL,9,9
Honduras,2025-02,SIN_TIPO,2,2
Honduras,2025-03,MANUAL,7,7
Honduras,2025-03,ANCLAJE APP SOA,1,1
Honduras,2025-03,APP,1,1
Honduras,2025-03,SIN_TIPO,9,2
Honduras,2025-04,ANCLAJE BASE,6,6
Honduras,2025-04,MANUAL,22,16
Honduras,2025-04,SIN_TIPO,6,6
Honduras,2025-05,MANUAL,16,16
Honduras,2025-05,ANCLAJE APP SOA,3,3
Honduras,2025-05,APP,5,2
Honduras,2025-05,SIN_TIPO,52,7
Honduras,2025-06,MANUAL,9,8
Honduras,2025-06,ANCLAJE APP SOA,2,2
Honduras,2025-06,SIN_TIPO,6,5
Honduras,2025-07,ANCLAJE APP SOA,4,4
Honduras,2025-07,SIN_TIPO,1,1
Honduras,2025-08,MANUAL,10,7
Honduras,2025-08,ANCLAJE APP SOA,2,1
Honduras,2025-08,SIN_TIPO,1,1
Honduras,2025-09,MANUAL,5,5
Honduras,2025-09,ANCLAJE BASE,1,1
Honduras,2025-09,ANCLAJE APP SOA,1,1
Honduras,2025-09,SIN_TIPO,1,1
Honduras,2025-10,MANUAL,1,1
Honduras,2025-10,ANCLAJE APP SOA,1,1
Honduras,2025-10,SIN_TIPO,3,3
Mexico,2023-02,MANUAL,4,3
Mexico,2023-02,SIN_TIPO,12,11
Mexico,2023-02,ANCLAJE,2,2
Mexico,2023-02,APP,5,5
Mexico,2023-03,APP,5,4
Mexico,2023-03,SIN_TIPO,1,1
Mexico,2023-04,MANUAL,44,39
Mexico,2023-04,SIN_TIPO,97,88
Mexico,2023-04,ANCLAJE,3,3
Mexico,2023-04,APP,8,8
Mexico,2023-05,SIN_TIPO,278,272
Mexico,2023-05,MANUAL,207,200
Mexico,2023-05,ANCLAJE,8,8
Mexico,2023-06,SIN_TIPO,355,345
Mexico,2023-06,MANUAL,210,204
Mexico,2023-06,ANCLAJE,14,13
Mexico,2023-07,SIN_TIPO,426,420
Mexico,2023-07,MANUAL,174,171
Mexico,2023-07,ANCLAJE,12,12
Mexico,2023-08,SIN_TIPO,490,482
Mexico,2023-08,MANUAL,137,135
Mexico,2023-08,ANCLAJE,14,14
Mexico,2023-09,SIN_TIPO,329,324
Mexico,2023-09,MANUAL,154,148
Mexico,2023-09,ANCLAJE,20,20
Mexico,2023-09,APP,1,1
Mexico,2023-10,SIN_TIPO,647,330
Mexico,2023-10,MANUAL,70,60
Mexico,2023-10,ANCLAJE,60,49
Mexico,2023-10,APP,13,5
Mexico,2023-11,SIN_TIPO,335,263
Mexico,2023-11,ANCLAJE,17,17
Mexico,2023-11,MANUAL,74,69
Mexico,2023-12,SIN_TIPO,388,343
Mexico,2023-12,MANUAL,90,83
Mexico,2023-12,ANCLAJE,16,16
Mexico,2024-01,SIN_TIPO,345,316
Mexico,2024-01,ANCLAJE,18,17
Mexico,2024-01,MANUAL,100,92
Mexico,2024-02,SIN_TIPO,424,394
Mexico,2024-02,ANCLAJE,44,37
Mexico,2024-02,MANUAL,113,101
Mexico,2024-03,MANUAL,104,92
Mexico,2024-03,SIN_TIPO,561,483
Mexico,2024-03,ANCLAJE,26,25
Mexico,2024-04,SIN_TIPO,556,466
Mexico,2024-04,MANUAL,153,127
Mexico,2024-04,ANCLAJE APP,5,5
Mexico,2024-04,ANCLAJE,4,4
Mexico,2024-05,SIN_TIPO,418,382
Mexico,2024-05,MANUAL,188,162
Mexico,2024-05,ANCLAJE APP,13,11
Mexico,2024-06,SIN_TIPO,478,406
Mexico,2024-06,MANUAL,176,164
Mexico,2024-06,ANCLAJE APP,11,11
Mexico,2024-07,SIN_TIPO,492,432
Mexico,2024-07,MANUAL,140,133
Mexico,2024-07,ANCLAJE APP,23,22
Mexico,2024-07,ANCLAJE APP SOA,2,2
Mexico,2024-08,MANUAL,140,131
Mexico,2024-08,SIN_TIPO,495,423
Mexico,2024-08,ANCLAJE APP SOA,25,22
Mexico,2024-09,SIN_TIPO,307,196
Mexico,2024-09,ANCLAJE APP SOA,145,133
Mexico,2024-09,MANUAL,11,11
Mexico,2024-10,MANUAL,134,114
Mexico,2024-10,SIN_TIPO,165,95
Mexico,2024-10,ANCLAJE APP SOA,5,5
Mexico,2024-11,SIN_TIPO,138,76
Mexico,2024-11,MANUAL,172,144
Mexico,2024-11,ANCLAJE APP SOA,2,2
Mexico,2024-12,SIN_TIPO,129,86
Mexico,2024-12,MANUAL,182,163
Mexico,2025-01,MANUAL,330,299
Mexico,2025-01,SIN_TIPO,133,108
Mexico,2025-01,ANCLAJE APP SOA,6,6
Mexico,2025-02,MANUAL,224,196
Mexico,2025-02,SIN_TIPO,111,77
Mexico,2025-02,ANCLAJE APP SOA,6,6
Mexico,2025-03,SIN_TIPO,211,135
Mexico,2025-03,MANUAL,342,275
Mexico,2025-03,ANCLAJE APP SOA,3,3
Mexico,2025-04,SIN_TIPO,167,86
Mexico,2025-04,MANUAL,266,209
Mexico,2025-04,ANCLAJE APP SOA,5,5
Mexico,2025-05,SIN_TIPO,139,88
Mexico,2025-05,MANUAL,264,225
Mexico,2025-05,ANCLAJE APP SOA,4,3
Mexico,2025-06,SIN_TIPO,133,94
Mexico,2025-06,MANUAL,276,223
Mexico,2025-06,ANCLAJE APP SOA,2,2
Mexico,2025-07,SIN_TIPO,118,82
Mexico,2025-07,MANUAL,280,207
Mexico,2025-07,ANCLAJE APP SOA,6,6
Mexico,2025-08,SIN_TIPO,138,101
Mexico,2025-08,MANUAL,309,240
Mexico,2025-08,ANCLAJE APP SOA,6,6
Mexico,2025-09,SIN_TIPO,132,102
Mexico,2025-09,MANUAL,316,241
Mexico,2025-09,ANCLAJE APP SOA,4,4
Mexico,2025-10,MANUAL,233,190
Mexico,2025-10,SIN_TIPO,75,63
Mexico,2025-10,ANCLAJE APP SOA,4,2
Nicaragua,2023-12,APP,2,1
Nicaragua,2023-12,ANCLAJE,1,1
Nicaragua,2023-12,MANUAL,2,1
Nicaragua,2024-05,SIN_TIPO,1,1
Nicaragua,2024-10,SIN_TIPO,3,3
Paraguay,2023-12,SIN_TIPO,40,39
Paraguay,2023-12,MANUAL,174,156
Paraguay,2024-01,SIN_TIPO,32,30
Paraguay,2024-01,MANUAL,167,153
Paraguay,2024-02,SIN_TIPO,32,30
Paraguay,2024-02,MANUAL,195,178
Paraguay,2024-03,SIN_TIPO,27,26
Paraguay,2024-03,MANUAL,149,143
Paraguay,2024-03,ANCLAJE,1,1
Paraguay,2024-04,SIN_TIPO,37,35
Paraguay,2024-04,MANUAL,181,174
Paraguay,2024-05,MANUAL,207,181
Paraguay,2024-05,SIN_TIPO,37,37
Paraguay,2024-06,SIN_TIPO,28,27
Paraguay,2024-06,MANUAL,182,173
Paraguay,2024-07,SIN_TIPO,32,31
Paraguay,2024-07,MANUAL,164,155
Paraguay,2024-07,ANCLAJE APP,11,11
Paraguay,2024-08,SIN_TIPO,38,37
Paraguay,2024-08,MANUAL,112,105
Paraguay,2024-08,ANCLAJE APP SOA,14,13
Paraguay,2024-09,SIN_TIPO,42,40
Paraguay,2024-09,ANCLAJE APP SOA,113,103
Paraguay,2024-09,MANUAL,43,43
Paraguay,2024-10,SIN_TIPO,17,17
Paraguay,2024-10,MANUAL,51,45
Peru,2023-11,SIN_TIPO,1,1
Peru,2023-11,MANUAL,5,1
Peru,2023-12,SIN_TIPO,46,44
Peru,2023-12,MANUAL,136,122
Peru,2024-01,SIN_TIPO,63,58
Peru,2024-01,MANUAL,101,89
Peru,2024-02,SIN_TIPO,128,123
Peru,2024-02,MANUAL,178,156
Peru,2024-03,SIN_TIPO,187,181
Peru,2024-03,MANUAL,316,263
Peru,2024-03,ANCLAJE,2,2
Peru,2024-04,MANUAL,257,192
Peru,2024-04,SIN_TIPO,348,298
Peru,2024-05,SIN_TIPO,153,147
Peru,2024-05,MANUAL,211,191
Peru,2024-06,SIN_TIPO,80,73
Peru,2024-06,MANUAL,167,145
Peru,2024-07,SIN_TIPO,74,71
Peru,2024-07,MANUAL,160,139
Peru,2024-07,ANCLAJE APP,28,24
Peru,2024-08,SIN_TIPO,74,63
Peru,2024-08,MANUAL,196,168
Peru,2024-08,ANCLAJE APP SOA,10,9
Peru,2024-09,SIN_TIPO,63,58
Peru,2024-09,MANUAL,48,43
Peru,2024-09,ANCLAJE APP SOA,152,132
Peru,2024-10,SIN_TIPO,79,74
Peru,2024-10,MANUAL,239,205
Peru,2024-11,SIN_TIPO,93,88
Peru,2024-11,MANUAL,208,176
Peru,2024-12,SIN_TIPO,86,82
Peru,2024-12,MANUAL,223,188
Peru,2025-01,MANUAL,200,187
Peru,2025-01,SIN_TIPO,74,72
Peru,2025-02,SIN_TIPO,68,66
Peru,2025-02,MANUAL,203,173
Peru,2025-03,SIN_TIPO,70,69
Peru,2025-03,MANUAL,177,165
Peru,2025-04,SIN_TIPO,67,67
Peru,2025-04,MANUAL,200,181
Peru,2025-05,SIN_TIPO,51,49
Peru,2025-05,MANUAL,192,144
Peru,2025-06,SIN_TIPO,45,40
Peru,2025-06,MANUAL,154,132
Peru,2025-07,SIN_TIPO,49,49
Peru,2025-07,MANUAL,156,127
Peru,2025-08,SIN_TIPO,51,46
Peru,2025-08,MANUAL,180,129
Peru,2025-09,SIN_TIPO,58,44
Peru,2025-09,MANUAL,172,139
Peru,2025-10,SIN_TIPO,63,57
Peru,2025-10,ANCLAJE APP SOA,34,28
Peru,2025-10,MANUAL,97,82
Puerto_Rico,2023-01,MANUAL,21852,17197
Puerto_Rico,2023-01,SIN_TIPO,8271,8155
Puerto_Rico,2023-01,ANCLAJE,4863,4136
Puerto_Rico,2023-02,MANUAL,17353,14007
Puerto_Rico,2023-02,ANCLAJE,4905,4128
Puerto_Rico,2023-02,SIN_TIPO,6109,6043
Puerto_Rico,2023-02,APP,2,1
Puerto_Rico,2023-03,SIN_TIPO,5880,5816
Puerto_Rico,2023-03,ANCLAJE,6084,4962
Puerto_Rico,2023-03,MANUAL,17986,14421
Puerto_Rico,2023-04,MANUAL,19183,15088
Puerto_Rico,2023-04,ANCLAJE,5397,4466
Puerto_Rico,2023-04,SIN_TIPO,4317,4237
Puerto_Rico,2023-05,MANUAL,20196,16255
Puerto_Rico,2023-05,ANCLAJE,5757,4738
Puerto_Rico,2023-05,SIN_TIPO,5743,5654
Puerto_Rico,2023-05,APP,1,1
Puerto_Rico,2023-06,SIN_TIPO,5791,5714
Puerto_Rico,2023-06,ANCLAJE,5686,4731
Puerto_Rico,2023-06,MANUAL,17312,14573
Puerto_Rico,2023-06,APP,1,1
Puerto_Rico,2023-07,ANCLAJE,5985,4951
Puerto_Rico,2023-07,SIN_TIPO,4911,4834
Puerto_Rico,2023-07,MANUAL,20814,17030
Puerto_Rico,2023-08,SIN_TIPO,5585,5494
Puerto_Rico,2023-08,ANCLAJE,6347,5244
Puerto_Rico,2023-08,MANUAL,20513,17096
Puerto_Rico,2023-09,MANUAL,17403,14634
Puerto_Rico,2023-09,ANCLAJE,6399,5324
Puerto_Rico,2023-09,SIN_TIPO,5769,5698
Puerto_Rico,2023-09,APP,6,4
Puerto_Rico,2023-10,MANUAL,21972,18066
Puerto_Rico,2023-10,SIN_TIPO,4707,4614
Puerto_Rico,2023-10,ANCLAJE,7830,6339
Puerto_Rico,2023-10,APP,1,1
Puerto_Rico,2023-11,MANUAL,20620,17330
Puerto_Rico,2023-11,ANCLAJE,6612,5250
Puerto_Rico,2023-11,SIN_TIPO,4757,4722
Puerto_Rico,2023-11,APP,1,1
Puerto_Rico,2023-12,MANUAL,18147,15493
Puerto_Rico,2023-12,SIN_TIPO,5226,5177
Puerto_Rico,2023-12,ANCLAJE,5773,4634
Puerto_Rico,2023-12,APP,8,8
Puerto_Rico,2024-01,SIN_TIPO,5048,4964
Puerto_Rico,2024-01,ANCLAJE,10671,8029
Puerto_Rico,2024-01,MANUAL,19089,15476
Puerto_Rico,2024-01,APP,4,3
Puerto_Rico,2024-01,ANCLAJE APP,1,1
Puerto_Rico,2024-02,SIN_TIPO,5581,5485
Puerto_Rico,2024-02,MANUAL,17298,14675
Puerto_Rico,2024-02,ANCLAJE,10820,8450
Puerto_Rico,2024-02,APP,9,6
Puerto_Rico,2024-02,ANCLAJE APP SOA,1,1
Puerto_Rico,2024-02,ANCLAJE APP,1,1
Puerto_Rico,2024-03,ANCLAJE,10473,8207
Puerto_Rico,2024-03,MANUAL,17276,14557
Puerto_Rico,2024-03,SIN_TIPO,6391,6287
Puerto_Rico,2024-03,ANCLAJE APP,24,24
Puerto_Rico,2024-03,ANCLAJE APP SOA,1,1
Puerto_Rico,2024-03,APP,1,1
Puerto_Rico,2024-04,ANCLAJE,3114,2380
Puerto_Rico,2024-04,SIN_TIPO,5848,5736
Puerto_Rico,2024-04,MANUAL,15018,12635
Puerto_Rico,2024-04,ANCLAJE BASE,9383,7130
Puerto_Rico,2024-04,ANCLAJE APP,5531,4501
Puerto_Rico,2024-04,APP,9,8
Puerto_Rico,2024-05,ANCLAJE BASE,13745,10852
Puerto_Rico,2024-05,ANCLAJE APP,8641,7109
Puerto_Rico,2024-05,MANUAL,9239,8392
Puerto_Rico,2024-05,SIN_TIPO,6289,6175
Puerto_Rico,2024-05,ANCLAJE APP SOA,2,2
Puerto_Rico,2024-05,APP,1,1
Puerto_Rico,2024-06,ANCLAJE APP,7946,6525
Puerto_Rico,2024-06,ANCLAJE BASE,12212,9670
Puerto_Rico,2024-06,SIN_TIPO,6893,6816
Puerto_Rico,2024-06,MANUAL,8181,7411
Puerto_Rico,2024-06,APP,10,2
Puerto_Rico,2024-07,MANUAL,5949,5502
Puerto_Rico,2024-07,SIN_TIPO,6615,6476
Puerto_Rico,2024-07,ANCLAJE APP,8944,7186
Puerto_Rico,2024-07,ANCLAJE BASE,16958,13283
Puerto_Rico,2024-07,ANCLAJE APP SOA,1433,1222
Puerto_Rico,2024-07,BASE AUTOMATICO,3,3
Puerto_Rico,2024-08,MANUAL,3884,3739
Puerto_Rico,2024-08,SIN_TIPO,6154,6030
Puerto_Rico,2024-08,ANCLAJE APP SOA,7756,6400
Puerto_Rico,2024-08,ANCLAJE BASE,18765,15208
Puerto_Rico,2024-08,BASE AUTOMATICO,61,55
Puerto_Rico,2024-08,APP,2,1
Puerto_Rico,2024-09,SIN_TIPO,6949,6886
Puerto_Rico,2024-09,MANUAL,3095,3007
Puerto_Rico,2024-09,ANCLAJE BASE,17702,14534
Puerto_Rico,2024-09,ANCLAJE APP SOA,8270,6983
Puerto_Rico,2024-09,BASE AUTOMATICO,20,20
Puerto_Rico,2024-10,ANCLAJE BASE,21533,17377
Puerto_Rico,2024-10,SIN_TIPO,6596,6484
Puerto_Rico,2024-10,ANCLAJE APP SOA,8879,7116
Puerto_Rico,2024-10,MANUAL,4740,4480
Puerto_Rico,2024-10,BASE AUTOMATICO,63,53
Puerto_Rico,2024-10,APP,1,1
Puerto_Rico,2024-11,ANCLAJE BASE,18458,15308
Puerto_Rico,2024-11,ANCLAJE APP SOA,8605,7037
Puerto_Rico,2024-11,SIN_TIPO,6322,6226
Puerto_Rico,2024-11,MANUAL,3910,3697
Puerto_Rico,2024-11,BASE AUTOMATICO,90,74
Puerto_Rico,2024-12,SIN_TIPO,6896,6819
Puerto_Rico,2024-12,ANCLAJE APP SOA,8858,7220
Puerto_Rico,2024-12,ANCLAJE BASE,19101,15835
Puerto_Rico,2024-12,MANUAL,3961,3791
Puerto_Rico,2024-12,BASE AUTOMATICO,5,5
Puerto_Rico,2025-01,MANUAL,4242,4006
Puerto_Rico,2025-01,ANCLAJE BASE,20280,16561
Puerto_Rico,2025-01,SIN_TIPO,5851,5762
Puerto_Rico,2025-01,ANCLAJE APP SOA,10750,8685
Puerto_Rico,2025-01,APP,24,7
Puerto_Rico,2025-01,BASE AUTOMATICO,5,1
Puerto_Rico,2025-02,ANCLAJE BASE,18156,15146
Puerto_Rico,2025-02,MANUAL,3612,3418
Puerto_Rico,2025-02,SIN_TIPO,5671,5569
Puerto_Rico,2025-02,ANCLAJE APP SOA,10189,8250
Puerto_Rico,2025-02,APP,19,10
Puerto_Rico,2025-03,ANCLAJE APP SOA,11800,9488
Puerto_Rico,2025-03,ANCLAJE BASE,21100,17459
Puerto_Rico,2025-03,MANUAL,3993,3797
Puerto_Rico,2025-03,SIN_TIPO,7647,7542
Puerto_Rico,2025-03,APP,1,1
Puerto_Rico,2025-04,ANCLAJE BASE,21489,17776
Puerto_Rico,2025-04,MANUAL,4269,4013
Puerto_Rico,2025-04,SIN_TIPO,7308,7156
Puerto_Rico,2025-04,ANCLAJE APP SOA,12191,9712
Puerto_Rico,2025-05,ANCLAJE BASE,21433,17867
Puerto_Rico,2025-05,SIN_TIPO,7655,7511
Puerto_Rico,2025-05,ANCLAJE APP SOA,12580,10126
Puerto_Rico,2025-05,MANUAL,4047,3867
Puerto_Rico,2025-05,APP,288,274
Puerto_Rico,2025-06,SIN_TIPO,9268,9042
Puerto_Rico,2025-06,APP,4728,4607
Puerto_Rico,2025-06,ANCLAJE APP SOA,12873,9317
Puerto_Rico,2025-06,MANUAL,3716,3493
Puerto_Rico,2025-06,ANCLAJE BASE,20748,16487
Puerto_Rico,2025-07,ANCLAJE APP SOA,15300,10412
Puerto_Rico,2025-07,APP,4450,4334
Puerto_Rico,2025-07,ANCLAJE BASE,22373,16861
Puerto_Rico,2025-07,SIN_TIPO,7784,7540
Puerto_Rico,2025-07,MANUAL,3981,3757
Puerto_Rico,2025-08,SIN_TIPO,8725,8509
Puerto_Rico,2025-08,ANCLAJE BASE,21442,16579
Puerto_Rico,2025-08,MANUAL,3935,3690
Puerto_Rico,2025-08,ANCLAJE APP SOA,14712,10029
Puerto_Rico,2025-08,APP,4445,4334
Puerto_Rico,2025-09,SIN_TIPO,10531,10352
Puerto_Rico,2025-09,APP,4397,4308
Puerto_Rico,2025-09,ANCLAJE BASE,22493,17496
Puerto_Rico,2025-09,MANUAL,4384,4135
Puerto_Rico,2025-09,ANCLAJE APP SOA,16960,10893
Puerto_Rico,2025-10,ANCLAJE APP SOA,14451,10008
Puerto_Rico,2025-10,SIN_TIPO,8833,8631
Puerto_Rico,2025-10,ANCLAJE BASE,20123,15872
Puerto_Rico,2025-10,MANUAL,3813,3569
Puerto_Rico,2025-10,APP,4086,4026
Puerto_Rico,2025-10,BASE AUTOMATICO,5,4
Salvador,2023-01,MANUAL,7,5
Salvador,2023-01,SIN_TIPO,1,1
Salvador,2023-02,MANUAL,1,1
Salvador,2023-02,SIN_TIPO,1,1
Salvador,2023-03,MANUAL,2,2
Salvador,2023-03,SIN_TIPO,1,1
Salvador,2023-05,MANUAL,2,2
Salvador,2023-06,MANUAL,8,6
Salvador,2023-06,SIN_TIPO,2,2
Salvador,2023-07,MANUAL,1,1
Salvador,2023-07,SIN_TIPO,2,2
Salvador,2023-08,MANUAL,4,4
Salvador,2023-08,SIN_TIPO,2,2
Salvador,2023-09,MANUAL,3,3
Salvador,2023-09,SIN_TIPO,4,4
Salvador,2023-10,MANUAL,3,3
Salvador,2023-10,ANCLAJE,1,1
Salvador,2023-10,SIN_TIPO,9,8
Salvador,2023-11,MANUAL,10,9
Salvador,2023-11,SIN_TIPO,9,9
Salvador,2023-12,MANUAL,12,12
Salvador,2023-12,SIN_TIPO,7,7
Salvador,2024-01,MANUAL,13,9
Salvador,2024-01,SIN_TIPO,4,4
Salvador,2024-02,MANUAL,12,11
Salvador,2024-02,SIN_TIPO,5,4
Salvador,2024-03,MANUAL,16,16
Salvador,2024-03,SIN_TIPO,2,2
Salvador,2024-04,MANUAL,39,34
Salvador,2024-04,ANCLAJE,2,1
Salvador,2024-04,SIN_TIPO,5,4
Salvador,2024-05,MANUAL,14,14
Salvador,2024-05,SIN_TIPO,6,5
Salvador,2024-06,MANUAL,21,20
Salvador,2024-06,SIN_TIPO,1,1
Salvador,2024-07,MANUAL,19,18
Salvador,2024-07,ANCLAJE APP,1,1
Salvador,2024-07,SIN_TIPO,2,2
Salvador,2024-08,MANUAL,15,15
Salvador,2024-08,SIN_TIPO,3,3
Salvador,2024-09,ANCLAJE APP SOA,4,4
Salvador,2024-09,MANUAL,10,9
Salvador,2024-09,SIN_TIPO,4,4
Salvador,2024-10,MANUAL,18,16
Salvador,2024-10,SIN_TIPO,4,4
Salvador,2024-11,MANUAL,30,30
Salvador,2024-11,SIN_TIPO,3,3
Salvador,2024-12,MANUAL,18,16
Salvador,2024-12,SIN_TIPO,8,7
Salvador,2025-01,MANUAL,21,19
Salvador,2025-01,SIN_TIPO,2,2
Salvador,2025-02,MANUAL,19,19
Salvador,2025-02,SIN_TIPO,9,9
Salvador,2025-03,MANUAL,24,24
Salvador,2025-03,SIN_TIPO,8,8
Salvador,2025-04,MANUAL,25,20
Salvador,2025-04,SIN_TIPO,10,10
Salvador,2025-05,MANUAL,15,12
Salvador,2025-05,SIN_TIPO,4,4
Salvador,2025-06,MANUAL,19,18
Salvador,2025-06,ANCLAJE APP SOA,4,3
Salvador,2025-06,SIN_TIPO,7,7
Salvador,2025-07,MANUAL,32,24
Salvador,2025-07,ANCLAJE APP SOA,4,4
Salvador,2025-07,SIN_TIPO,11,11
Salvador,2025-08,MANUAL,32,26
Salvador,2025-08,SIN_TIPO,9,9
Salvador,2025-09,MANUAL,28,25
Salvador,2025-09,SIN_TIPO,4,4
Salvador,2025-10,MANUAL,36,30
Salvador,2025-10,SIN_TIPO,24,10
Uruguay,2023-10,MANUAL,600,498
Uruguay,2023-10,SIN_TIPO,216,166
Uruguay,2023-10,ANCLAJE,200,171
Uruguay,2023-11,MANUAL,789,657
Uruguay,2023-11,SIN_TIPO,229,213
Uruguay,2023-11,ANCLAJE,81,71
Uruguay,2023-12,SIN_TIPO,216,191
Uruguay,2023-12,MANUAL,814,653
Uruguay,2023-12,ANCLAJE,83,65
Uruguay,2024-01,SIN_TIPO,193,172
Uruguay,2024-01,MANUAL,783,657
Uruguay,2024-01,ANCLAJE,116,104
Uruguay,2024-02,SIN_TIPO,208,190
Uruguay,2024-02,MANUAL,787,615
Uruguay,2024-02,ANCLAJE,78,64
Uruguay,2024-03,SIN_TIPO,213,199
Uruguay,2024-03,MANUAL,809,592
Uruguay,2024-03,APP,69,61
Uruguay,2024-03,ANCLAJE,114,98
Uruguay,2024-04,MANUAL,596,441
Uruguay,2024-04,SIN_TIPO,210,186
Uruguay,2024-04,ANCLAJE APP,238,192
Uruguay,2024-04,APP,57,54
Uruguay,2024-04,ANCLAJE,84,71
Uruguay,2024-05,MANUAL,617,463
Uruguay,2024-05,SIN_TIPO,251,220
Uruguay,2024-05,ANCLAJE APP,423,363
Uruguay,2024-05,APP,26,26
Uruguay,2024-06,SIN_TIPO,256,231
Uruguay,2024-06,MANUAL,549,438
Uruguay,2024-06,ANCLAJE APP,423,355
Uruguay,2024-07,SIN_TIPO,312,287
Uruguay,2024-07,MANUAL,491,426
Uruguay,2024-07,ANCLAJE APP,412,362
Uruguay,2024-07,ANCLAJE APP SOA,62,57
Uruguay,2024-07,APP,1,1
Uruguay,2024-08,SIN_TIPO,269,249
Uruguay,2024-08,MANUAL,393,339
Uruguay,2024-08,ANCLAJE APP SOA,437,377
Uruguay,2024-09,SIN_TIPO,285,270
Uruguay,2024-09,ANCLAJE APP SOA,655,581
Uruguay,2024-09,MANUAL,142,117
Uruguay,2024-09,APP,1,1
Uruguay,2024-10,SIN_TIPO,264,247
Uruguay,2024-10,MANUAL,390,351
Uruguay,2024-10,ANCLAJE APP SOA,366,341
Uruguay,2024-11,SIN_TIPO,295,280
Uruguay,2024-11,ANCLAJE APP SOA,318,287
Uruguay,2024-11,MANUAL,365,329
Uruguay,2024-11,ANCLAJE BASE,1,1
Uruguay,2024-12,MANUAL,415,377
Uruguay,2024-12,SIN_TIPO,357,329
Uruguay,2024-12,ANCLAJE APP SOA,354,321
Uruguay,2025-01,MANUAL,377,334
Uruguay,2025-01,ANCLAJE APP SOA,308,274
Uruguay,2025-01,SIN_TIPO,296,283
Uruguay,2025-02,SIN_TIPO,259,249
Uruguay,2025-02,MANUAL,317,291
Uruguay,2025-02,ANCLAJE APP SOA,326,291
Uruguay,2025-03,SIN_TIPO,274,267
Uruguay,2025-03,ANCLAJE BASE,2,1
Uruguay,2025-03,MANUAL,382,341
Uruguay,2025-03,ANCLAJE APP SOA,342,303
Uruguay,2025-04,SIN_TIPO,249,242
Uruguay,2025-04,ANCLAJE APP SOA,321,287
Uruguay,2025-04,MANUAL,397,343
Uruguay,2025-05,SIN_TIPO,236,222
Uruguay,2025-05,MANUAL,374,325
Uruguay,2025-05,ANCLAJE APP SOA,309,274
Uruguay,2025-05,ANCLAJE BASE,1,1
Uruguay,2025-06,SIN_TIPO,246,226
Uruguay,2025-06,MANUAL,459,380
Uruguay,2025-06,ANCLAJE APP SOA,302,274
Uruguay,2025-07,SIN_TIPO,273,257
Uruguay,2025-07,MANUAL,485,419
Uruguay,2025-07,ANCLAJE APP SOA,283,251
Uruguay,2025-08,SIN_TIPO,237,213
Uruguay,2025-08,MANUAL,367,322
Uruguay,2025-08,ANCLAJE APP SOA,320,286
Uruguay,2025-09,SIN_TIPO,247,230
Uruguay,2025-09,MANUAL,398,345
Uruguay,2025-09,ANCLAJE APP SOA,347,296
Uruguay,2025-10,SIN_TIPO,235,222
Uruguay,2025-10,MANUAL,351,309
Uruguay,2025-10,ANCLAJE APP SOA,253,216
